ADT_ID,PAT_ENC_CSN_ID,EVENT_TYPE,EFFECTIVE_TIME,POINT_OF_CARE
1,100001,A01,2024-11-11 15:00:00,ED
2,100001,A02,2024-11-12 01:17:00,SURG
3,100002,A01,2024-11-09 23:00:00,ED
4,100003,A01,2024-11-09 05:00:00,ED
5,100003,A02,2024-11-12 01:51:00,MED
6,100004,A01,2024-11-10 04:00:00,ED
7,100004,A02,2024-11-12 02:05:00,SURG
8,100005,A01,2024-11-12 03:57:00,ED
9,100006,A01,2024-11-10 12:00:00,ED
10,100007,A01,2024-11-11 20:00:00,ED
11,100008,A01,2024-11-09 19:00:00,ED
12,100008,A02,2024-11-12 02:15:00,MED
13,100009,A01,2024-11-09 09:00:00,ED
14,100009,A02,2024-11-12 01:07:00,SURG
15,100010,A01,2024-11-12 01:33:00,ED
16,100011,A01,2024-11-10 05:00:00,ED
17,100012,A01,2024-11-09 09:00:00,ED
18,100013,A01,2024-11-11 11:00:00,ED
19,100013,A02,2024-11-12 01:59:00,ICU
20,100014,A01,2024-11-11 03:00:00,ED
21,100014,A02,2024-11-12 01:25:00,ICU
22,100015,A01,2024-11-11 20:00:00,ED
23,100015,A02,2024-11-12 01:12:00,ICU
24,100016,A01,2024-11-10 01:00:00,ED
25,100017,A01,2024-11-09 20:00:00,ED
26,100018,A01,2024-11-09 01:00:00,ED
27,100019,A01,2024-11-11 22:00:00,ED
28,100019,A02,2024-11-12 01:33:00,ICU
29,100020,A01,2024-11-10 18:00:00,ED
30,100021,A01,2024-11-11 00:00:00,ED
31,100021,A02,2024-11-12 01:35:00,MED
32,100022,A01,2024-11-11 21:00:00,ED
33,100022,A02,2024-11-12 01:37:00,SURG
34,100023,A01,2024-11-12 03:21:00,ED
35,100023,A02,2024-11-12 03:59:00,ICU
36,100024,A01,2024-11-10 15:00:00,ED
37,100025,A01,2024-11-10 14:00:00,ED
38,100026,A01,2024-11-10 16:00:00,ED
39,100027,A01,2024-11-10 04:00:00,ED
40,100028,A01,2024-11-09 10:00:00,ED
41,100029,A01,2024-11-10 03:00:00,ED
42,100029,A02,2024-11-12 02:08:00,MED
43,100030,A01,2024-11-09 04:00:00,ED
44,100031,A01,2024-11-11 08:00:00,ED
45,100032,A01,2024-11-12 03:51:00,ED
46,100032,A02,2024-11-12 04:01:00,ICU
47,100033,A01,2024-11-10 10:00:00,ED
48,100034,A01,2024-11-09 07:00:00,ED
49,100034,A02,2024-11-12 01:14:00,MED
50,100035,A01,2024-11-09 23:00:00,ED
51,100036,A01,2024-11-10 17:00:00,ED
52,100037,A01,2024-11-12 02:15:00,ED
53,100038,A01,2024-11-10 03:00:00,ED
54,100038,A02,2024-11-12 02:30:00,MED
55,100039,A01,2024-11-09 02:00:00,ED
56,100039,A02,2024-11-12 01:22:00,SURG
57,100040,A01,2024-11-09 19:00:00,ED
58,100041,A01,2024-11-10 14:00:00,ED
59,100042,A01,2024-11-09 10:00:00,ED
60,100042,A02,2024-11-12 01:40:00,ICU
61,100043,A01,2024-11-09 18:00:00,ED
62,100044,A01,2024-11-11 09:00:00,ED
63,100045,A01,2024-11-09 19:00:00,ED
64,100046,A01,2024-11-09 16:00:00,ED
65,100046,A02,2024-11-12 02:17:00,SURG
66,100047,A01,2024-11-11 13:00:00,ED
67,100047,A02,2024-11-12 01:44:00,ICU
68,100048,A01,2024-11-11 14:00:00,ED
69,100049,A01,2024-11-10 16:00:00,ED
70,100050,A01,2024-11-09 19:00:00,ED
71,100051,A01,2024-11-12 02:54:00,ED
72,100051,A02,2024-11-12 03:01:00,MED
73,100052,A01,2024-11-10 00:00:00,ED
74,100053,A01,2024-11-09 07:00:00,ED
75,100054,A01,2024-11-11 10:00:00,ED
76,100054,A02,2024-11-12 02:14:00,MED
77,100055,A01,2024-11-09 05:00:00,ED
78,100055,A02,2024-11-12 02:18:00,ICU
79,100056,A01,2024-11-11 00:00:00,ED
80,100057,A01,2024-11-12 02:35:00,ED
81,100058,A01,2024-11-09 11:00:00,ED
82,100059,A01,2024-11-09 23:00:00,ED
83,100059,A02,2024-11-12 01:13:00,MED
84,100060,A01,2024-11-09 02:00:00,ED
85,100060,A02,2024-11-12 01:08:00,MED
86,100061,A01,2024-11-10 16:00:00,ED
87,100061,A02,2024-11-12 01:38:00,ICU
88,100062,A01,2024-11-09 23:00:00,ED
89,100062,A02,2024-11-12 01:58:00,SURG
90,100063,A01,2024-11-09 17:00:00,ED
91,100064,A01,2024-11-11 12:00:00,ED
92,100064,A02,2024-11-12 01:24:00,MED
93,100065,A01,2024-11-11 18:00:00,ED
94,100065,A02,2024-11-12 01:24:00,ICU
95,100066,A01,2024-11-11 05:00:00,ED
96,100067,A01,2024-11-10 20:00:00,ED
97,100067,A02,2024-11-12 01:09:00,SURG
98,100068,A01,2024-11-10 16:00:00,ED
99,100068,A02,2024-11-12 02:13:00,ICU
100,100069,A01,2024-11-11 11:00:00,ED
101,100069,A02,2024-11-12 01:12:00,MED
102,100070,A01,2024-11-11 10:00:00,ED
103,100070,A02,2024-11-12 02:09:00,SURG
104,100071,A01,2024-11-12 03:05:00,ED
105,100071,A02,2024-11-12 04:15:00,SURG
106,100072,A01,2024-11-09 01:00:00,ED
107,100073,A01,2024-11-10 09:00:00,ED
108,100074,A01,2024-11-09 15:00:00,ED
109,100074,A02,2024-11-12 02:30:00,MED
110,100075,A01,2024-11-09 05:00:00,ED
111,100076,A01,2024-11-10 22:00:00,ED
112,100076,A02,2024-11-12 01:11:00,MED
113,100077,A01,2024-11-09 06:00:00,ED
114,100077,A02,2024-11-12 01:23:00,MED
115,100078,A01,2024-11-09 12:00:00,ED
116,100079,A01,2024-11-10 11:00:00,ED
117,100080,A01,2024-11-12 03:46:00,ED
118,100080,A02,2024-11-12 04:38:00,SURG
119,100081,A01,2024-11-12 03:50:00,ED
120,100082,A01,2024-11-11 20:00:00,ED
121,100083,A01,2024-11-10 16:00:00,ED
122,100084,A01,2024-11-09 03:00:00,ED
123,100085,A01,2024-11-10 08:00:00,ED
124,100086,A01,2024-11-09 20:00:00,ED
125,100086,A02,2024-11-12 01:58:00,ICU
126,100087,A01,2024-11-10 07:00:00,ED
127,100087,A02,2024-11-12 01:20:00,ICU
128,100088,A01,2024-11-12 01:31:00,ED
129,100088,A02,2024-11-12 02:44:00,ICU
130,100089,A01,2024-11-11 18:00:00,ED
131,100090,A01,2024-11-09 02:00:00,ED
132,100091,A01,2024-11-11 04:00:00,ED
133,100092,A01,2024-11-09 09:00:00,ED
134,100093,A01,2024-11-09 02:00:00,ED
135,100094,A01,2024-11-09 09:00:00,ED
136,100094,A02,2024-11-12 02:27:00,SURG
137,100095,A01,2024-11-10 09:00:00,ED
138,100096,A01,2024-11-10 16:00:00,ED
139,100096,A02,2024-11-12 02:08:00,SURG
140,100097,A01,2024-11-12 01:40:00,ED
141,100098,A01,2024-11-11 05:00:00,ED
142,100098,A02,2024-11-12 01:50:00,SURG
143,100099,A01,2024-11-12 02:43:00,ED
144,100100,A01,2024-11-10 21:00:00,ED
145,100101,A01,2024-11-11 06:00:00,ED
146,100102,A01,2024-11-11 10:00:00,ED
147,100102,A02,2024-11-12 01:48:00,MED
148,100103,A01,2024-11-11 01:00:00,ED
149,100103,A02,2024-11-12 01:14:00,ICU
150,100104,A01,2024-11-09 05:00:00,ED
151,100104,A02,2024-11-12 01:06:00,ICU
152,100105,A01,2024-11-12 01:27:00,ED
153,100106,A01,2024-11-10 20:00:00,ED
154,100106,A02,2024-11-12 01:17:00,ICU
155,100107,A01,2024-11-11 18:00:00,ED
156,100107,A02,2024-11-12 02:28:00,MED
157,100108,A01,2024-11-10 05:00:00,ED
158,100108,A02,2024-11-12 01:12:00,MED
159,100109,A01,2024-11-11 12:00:00,ED
160,100110,A01,2024-11-12 01:28:00,ED
161,100110,A02,2024-11-12 02:18:00,MED
162,100111,A01,2024-11-10 20:00:00,ED
163,100111,A02,2024-11-12 02:06:00,ICU
164,100112,A01,2024-11-10 06:00:00,ED
165,100112,A02,2024-11-12 02:07:00,SURG
166,100113,A01,2024-11-09 13:00:00,ED
167,100113,A02,2024-11-12 02:11:00,ICU
168,100114,A01,2024-11-10 18:00:00,ED
169,100114,A02,2024-11-12 02:12:00,SURG
170,100115,A01,2024-11-11 05:00:00,ED
171,100115,A02,2024-11-12 01:10:00,SURG
172,100116,A01,2024-11-11 15:00:00,ED
173,100117,A01,2024-11-10 00:00:00,ED
174,100117,A02,2024-11-12 01:24:00,SURG
175,100118,A01,2024-11-11 03:00:00,ED
176,100119,A01,2024-11-10 10:00:00,ED
177,100120,A01,2024-11-10 23:00:00,ED
178,100121,A01,2024-11-12 03:04:00,ED
179,100122,A01,2024-11-09 18:00:00,ED
180,100123,A01,2024-11-12 03:55:00,ED
181,100124,A01,2024-11-11 02:00:00,ED
182,100124,A02,2024-11-12 01:29:00,ICU
183,100125,A01,2024-11-09 07:00:00,ED
184,100126,A01,2024-11-11 06:00:00,ED
185,100127,A01,2024-11-11 07:00:00,ED
186,100127,A02,2024-11-12 02:19:00,MED
187,100128,A01,2024-11-11 19:00:00,ED
188,100129,A01,2024-11-11 09:00:00,ED
189,100130,A01,2024-11-09 07:00:00,ED
190,100131,A01,2024-11-09 08:00:00,ED
191,100132,A01,2024-11-11 23:00:00,ED
192,100133,A01,2024-11-11 22:00:00,ED
193,100134,A01,2024-11-09 04:00:00,ED
194,100135,A01,2024-11-11 15:00:00,ED
195,100136,A01,2024-11-11 21:00:00,ED
196,100137,A01,2024-11-09 14:00:00,ED
197,100138,A01,2024-11-11 01:00:00,ED
198,100139,A01,2024-11-09 21:00:00,ED
199,100139,A02,2024-11-12 01:43:00,MED
200,100140,A01,2024-11-10 06:00:00,ED
201,100141,A01,2024-11-10 08:00:00,ED
202,100141,A02,2024-11-12 01:25:00,MED
203,100142,A01,2024-11-09 19:00:00,ED
204,100143,A01,2024-11-10 05:00:00,ED
205,100143,A02,2024-11-12 01:38:00,ICU
206,100144,A01,2024-11-10 18:00:00,ED
207,100145,A01,2024-11-12 03:59:00,ED
208,100146,A01,2024-11-09 17:00:00,ED
209,100147,A01,2024-11-09 23:00:00,ED
210,100147,A02,2024-11-12 02:14:00,MED
211,100148,A01,2024-11-09 15:00:00,ED
212,100149,A01,2024-11-11 06:00:00,ED
213,100150,A01,2024-11-11 23:00:00,ED
214,100151,A01,2024-11-11 07:00:00,ED
215,100152,A01,2024-11-09 18:00:00,ED
216,100152,A02,2024-11-12 01:42:00,SURG
217,100153,A01,2024-11-10 08:00:00,ED
218,100153,A02,2024-11-12 01:30:00,SURG
219,100154,A01,2024-11-11 17:00:00,ED
220,100154,A02,2024-11-12 02:21:00,SURG
221,100155,A01,2024-11-10 00:00:00,ED
222,100155,A02,2024-11-12 01:13:00,MED
223,100156,A01,2024-11-10 15:00:00,ED
224,100156,A02,2024-11-12 01:10:00,ICU
225,100157,A01,2024-11-10 15:00:00,ED
226,100158,A01,2024-11-10 12:00:00,ED
227,100159,A01,2024-11-12 03:47:00,ED
228,100160,A01,2024-11-09 19:00:00,ED
229,100161,A01,2024-11-11 06:00:00,ED
230,100162,A01,2024-11-10 11:00:00,ED
231,100162,A02,2024-11-12 01:39:00,ICU
232,100163,A01,2024-11-10 20:00:00,ED
233,100163,A02,2024-11-12 02:14:00,ICU
234,100164,A01,2024-11-09 09:00:00,ED
235,100164,A02,2024-11-12 01:32:00,ICU
236,100165,A01,2024-11-09 03:00:00,ED
237,100165,A02,2024-11-12 02:15:00,ICU
238,100166,A01,2024-11-09 09:00:00,ED
239,100167,A01,2024-11-09 20:00:00,ED
240,100168,A01,2024-11-10 19:00:00,ED
241,100169,A01,2024-11-11 11:00:00,ED
242,100169,A02,2024-11-12 01:42:00,MED
243,100170,A01,2024-11-11 21:00:00,ED
244,100171,A01,2024-11-12 02:20:00,ED
245,100172,A01,2024-11-11 13:00:00,ED
246,100173,A01,2024-11-12 02:13:00,ED
247,100173,A02,2024-11-12 02:21:00,SURG
248,100174,A01,2024-11-11 06:00:00,ED
249,100174,A02,2024-11-12 02:16:00,SURG
250,100175,A01,2024-11-11 20:00:00,ED
251,100176,A01,2024-11-10 16:00:00,ED
252,100177,A01,2024-11-09 17:00:00,ED
253,100178,A01,2024-11-10 12:00:00,ED
254,100179,A01,2024-11-11 12:00:00,ED
255,100179,A02,2024-11-12 01:30:00,SURG
256,100180,A01,2024-11-09 21:00:00,ED
257,100180,A02,2024-11-12 02:26:00,ICU
258,100181,A01,2024-11-10 21:00:00,ED
259,100182,A01,2024-11-09 18:00:00,ED
260,100183,A01,2024-11-12 02:26:00,ED
261,100183,A02,2024-11-12 03:19:00,MED
262,100184,A01,2024-11-11 06:00:00,ED
263,100184,A02,2024-11-12 01:19:00,MED
264,100185,A01,2024-11-10 08:00:00,ED
265,100186,A01,2024-11-10 03:00:00,ED
266,100187,A01,2024-11-11 15:00:00,ED
267,100187,A02,2024-11-12 02:21:00,MED
268,100188,A01,2024-11-10 18:00:00,ED
269,100189,A01,2024-11-12 03:37:00,ED
270,100190,A01,2024-11-09 13:00:00,ED
271,100190,A02,2024-11-12 01:44:00,ICU
272,100191,A01,2024-11-09 19:00:00,ED
273,100192,A01,2024-11-10 01:00:00,ED
274,100192,A02,2024-11-12 02:25:00,SURG
275,100193,A01,2024-11-11 03:00:00,ED
276,100193,A02,2024-11-12 02:04:00,ICU
277,100194,A01,2024-11-11 17:00:00,ED
278,100194,A02,2024-11-12 01:12:00,ICU
279,100195,A01,2024-11-11 19:00:00,ED
280,100195,A02,2024-11-12 01:28:00,SURG
281,100196,A01,2024-11-09 23:00:00,ED
282,100197,A01,2024-11-11 20:00:00,ED
283,100198,A01,2024-11-10 23:00:00,ED
284,100199,A01,2024-11-09 04:00:00,ED
285,100199,A02,2024-11-12 01:36:00,SURG
286,100200,A01,2024-11-09 01:00:00,ED
287,100200,A02,2024-11-12 02:06:00,MED
288,100201,A01,2024-11-10 02:00:00,ED
289,100202,A01,2024-11-10 04:00:00,ED
290,100202,A02,2024-11-12 02:23:00,MED
291,100203,A01,2024-11-10 02:00:00,ED
292,100203,A02,2024-11-12 01:45:00,ICU
293,100204,A01,2024-11-11 09:00:00,ED
294,100204,A02,2024-11-12 01:15:00,SURG
295,100205,A01,2024-11-09 17:00:00,ED
296,100205,A02,2024-11-12 01:44:00,ICU
297,100206,A01,2024-11-12 01:40:00,ED
298,100206,A02,2024-11-12 03:02:00,MED
299,100207,A01,2024-11-09 07:00:00,ED
300,100208,A01,2024-11-09 01:00:00,ED
301,100209,A01,2024-11-09 22:00:00,ED
302,100210,A01,2024-11-10 14:00:00,ED
303,100211,A01,2024-11-11 08:00:00,ED
304,100212,A01,2024-11-10 15:00:00,ED
305,100212,A02,2024-11-12 01:15:00,ICU
306,100213,A01,2024-11-12 01:20:00,ED
307,100213,A02,2024-11-12 01:40:00,SURG
308,100214,A01,2024-11-11 18:00:00,ED
309,100215,A01,2024-11-12 02:38:00,ED
310,100216,A01,2024-11-09 17:00:00,ED
311,100216,A02,2024-11-12 02:28:00,ICU
312,100217,A01,2024-11-09 18:00:00,ED
313,100217,A02,2024-11-12 01:39:00,MED
314,100218,A01,2024-11-11 07:00:00,ED
315,100219,A01,2024-11-10 11:00:00,ED
316,100219,A02,2024-11-12 01:11:00,MED
317,100220,A01,2024-11-12 01:55:00,ED
318,100221,A01,2024-11-09 04:00:00,ED
319,100222,A01,2024-11-12 01:29:00,ED
320,100222,A02,2024-11-12 02:12:00,SURG
321,100223,A01,2024-11-10 11:00:00,ED
322,100224,A01,2024-11-11 16:00:00,ED
323,100224,A02,2024-11-12 01:15:00,MED
324,100225,A01,2024-11-11 04:00:00,ED
325,100225,A02,2024-11-12 01:25:00,SURG
326,100226,A01,2024-11-10 05:00:00,ED
327,100227,A01,2024-11-10 04:00:00,ED
328,100227,A02,2024-11-12 01:06:00,SURG
329,100228,A01,2024-11-09 04:00:00,ED
330,100228,A02,2024-11-12 01:29:00,MED
331,100229,A01,2024-11-11 15:00:00,ED
332,100229,A02,2024-11-12 02:06:00,SURG
333,100230,A01,2024-11-10 19:00:00,ED
334,100230,A02,2024-11-12 01:44:00,MED
335,100231,A01,2024-11-10 14:00:00,ED
336,100232,A01,2024-11-10 16:00:00,ED
337,100233,A01,2024-11-10 16:00:00,ED
338,100234,A01,2024-11-10 08:00:00,ED
339,100235,A01,2024-11-12 03:31:00,ED
340,100236,A01,2024-11-11 09:00:00,ED
341,100237,A01,2024-11-10 01:00:00,ED
342,100238,A01,2024-11-09 12:00:00,ED
343,100239,A01,2024-11-12 02:37:00,ED
344,100239,A02,2024-11-12 03:57:00,ICU
345,100240,A01,2024-11-11 19:00:00,ED
346,100240,A02,2024-11-12 01:32:00,ICU
347,100241,A01,2024-11-10 13:00:00,ED
348,100242,A01,2024-11-09 01:00:00,ED
349,100243,A01,2024-11-11 22:00:00,ED
350,100244,A01,2024-11-09 05:00:00,ED
351,100245,A01,2024-11-11 06:00:00,ED
352,100246,A01,2024-11-11 19:00:00,ED
353,100247,A01,2024-11-09 09:00:00,ED
354,100248,A01,2024-11-09 04:00:00,ED
355,100249,A01,2024-11-10 00:00:00,ED
356,100249,A02,2024-11-12 01:30:00,SURG
357,100250,A01,2024-11-09 02:00:00,ED
358,100251,A01,2024-11-09 02:00:00,ED
359,100251,A02,2024-11-12 02:14:00,MED
360,100252,A01,2024-11-12 03:28:00,ED
361,100252,A02,2024-11-12 04:00:00,SURG
362,100253,A01,2024-11-09 22:00:00,ED
363,100254,A01,2024-11-09 13:00:00,ED
364,100255,A01,2024-11-12 03:21:00,ED
365,100255,A02,2024-11-12 03:34:00,SURG
366,100256,A01,2024-11-11 04:00:00,ED
367,100256,A02,2024-11-12 01:17:00,MED
368,100257,A01,2024-11-09 14:00:00,ED
369,100257,A02,2024-11-12 01:21:00,ICU
370,100258,A01,2024-11-11 04:00:00,ED
371,100259,A01,2024-11-10 07:00:00,ED
372,100260,A01,2024-11-09 03:00:00,ED
373,100261,A01,2024-11-12 02:04:00,ED
374,100262,A01,2024-11-11 10:00:00,ED
375,100262,A02,2024-11-12 01:41:00,ICU
376,100263,A01,2024-11-09 14:00:00,ED
377,100264,A01,2024-11-10 17:00:00,ED
378,100265,A01,2024-11-11 00:00:00,ED
379,100266,A01,2024-11-10 13:00:00,ED
380,100266,A02,2024-11-12 02:08:00,MED
381,100267,A01,2024-11-12 03:41:00,ED
382,100268,A01,2024-11-10 00:00:00,ED
383,100269,A01,2024-11-10 11:00:00,ED
384,100269,A02,2024-11-12 02:16:00,ICU
385,100270,A01,2024-11-11 00:00:00,ED
386,100271,A01,2024-11-10 02:00:00,ED
387,100272,A01,2024-11-11 11:00:00,ED
388,100273,A01,2024-11-10 04:00:00,ED
389,100273,A02,2024-11-12 02:14:00,SURG
390,100274,A01,2024-11-09 01:00:00,ED
391,100275,A01,2024-11-09 17:00:00,ED
392,100276,A01,2024-11-09 19:00:00,ED
393,100277,A01,2024-11-11 00:00:00,ED
394,100277,A02,2024-11-12 01:11:00,MED
395,100278,A01,2024-11-11 10:00:00,ED
396,100279,A01,2024-11-10 07:00:00,ED
397,100279,A02,2024-11-12 01:13:00,ICU
398,100280,A01,2024-11-10 18:00:00,ED
399,100281,A01,2024-11-11 07:00:00,ED
400,100281,A02,2024-11-12 02:22:00,MED
401,100282,A01,2024-11-09 01:00:00,ED
402,100282,A02,2024-11-12 01:20:00,ICU
403,100283,A01,2024-11-11 01:00:00,ED
404,100284,A01,2024-11-10 12:00:00,ED
405,100285,A01,2024-11-10 12:00:00,ED
406,100286,A01,2024-11-10 03:00:00,ED
407,100286,A02,2024-11-12 01:28:00,MED
408,100287,A01,2024-11-09 08:00:00,ED
409,100287,A02,2024-11-12 01:33:00,ICU
410,100288,A01,2024-11-10 23:00:00,ED
411,100288,A02,2024-11-12 01:27:00,ICU
