RESULT_ID,ORDER_PROC_ID,LOINC,ORD_VALUE,RESULT_TIME
1,1,8480-6,120,2024-11-12 01:07:00
2,1,8462-4,72,2024-11-12 04:10:00
3,2,8480-6,143,2024-11-12 01:58:00
4,2,8462-4,81,2024-11-12 01:15:00
5,3,8480-6,146,2024-11-12 01:17:00
6,3,8462-4,95,2024-11-12 02:42:00
7,4,8480-6,150,2024-11-12 02:23:00
8,4,8462-4,66,2024-11-12 01:58:00
9,5,8480-6,134,2024-11-12 02:37:00
10,5,8462-4,73,2024-11-12 04:23:00
11,6,8480-6,115,2024-11-12 01:43:00
12,6,8462-4,93,2024-11-12 01:39:00
13,7,8480-6,155,2024-11-12 02:37:00
14,7,8462-4,80,2024-11-12 02:05:00
15,8,8480-6,119,2024-11-12 01:26:00
16,8,8462-4,88,2024-11-12 01:34:00
17,9,8480-6,159,2024-11-12 01:45:00
18,9,8462-4,66,2024-11-12 04:38:00
19,10,8480-6,146,2024-11-12 02:59:00
20,10,8462-4,63,2024-11-12 03:42:00
21,11,8480-6,123,2024-11-12 03:55:00
22,11,8462-4,98,2024-11-12 04:49:00
23,12,8480-6,147,2024-11-12 03:54:00
24,12,8462-4,91,2024-11-12 02:50:00
25,13,8480-6,125,2024-11-12 03:06:00
26,13,8462-4,72,2024-11-12 03:57:00
27,14,8480-6,135,2024-11-12 01:20:00
28,14,8462-4,60,2024-11-12 02:28:00
29,15,8480-6,157,2024-11-12 03:34:00
30,15,8462-4,62,2024-11-12 03:09:00
31,16,8480-6,145,2024-11-12 02:32:00
32,16,8462-4,80,2024-11-12 01:30:00
33,17,8480-6,131,2024-11-12 01:05:00
34,17,8462-4,95,2024-11-12 02:01:00
35,18,8480-6,157,2024-11-12 01:19:00
36,18,8462-4,64,2024-11-12 04:25:00
37,19,8480-6,135,2024-11-12 03:47:00
38,19,8462-4,92,2024-11-12 03:48:00
39,20,8480-6,121,2024-11-12 02:46:00
40,20,8462-4,100,2024-11-12 02:20:00
41,21,8480-6,145,2024-11-12 03:31:00
42,21,8462-4,73,2024-11-12 01:50:00
43,22,8480-6,137,2024-11-12 03:46:00
44,22,8462-4,60,2024-11-12 02:51:00
45,23,8480-6,114,2024-11-12 03:08:00
46,23,8462-4,95,2024-11-12 01:43:00
47,24,8480-6,150,2024-11-12 02:49:00
48,24,8462-4,95,2024-11-12 01:57:00
49,25,8480-6,129,2024-11-12 01:29:00
50,25,8462-4,89,2024-11-12 04:22:00
51,26,8480-6,140,2024-11-12 04:47:00
52,26,8462-4,92,2024-11-12 01:07:00
53,27,8480-6,147,2024-11-12 02:48:00
54,27,8462-4,84,2024-11-12 01:27:00
55,28,8480-6,157,2024-11-12 03:39:00
56,28,8462-4,66,2024-11-12 01:51:00
57,29,8480-6,114,2024-11-12 04:14:00
58,29,8462-4,75,2024-11-12 04:40:00
59,30,8480-6,141,2024-11-12 03:23:00
60,30,8462-4,66,2024-11-12 03:55:00
61,31,8480-6,132,2024-11-12 04:18:00
62,31,8462-4,78,2024-11-12 02:41:00
63,32,8480-6,150,2024-11-12 03:34:00
64,32,8462-4,72,2024-11-12 03:27:00
65,33,8480-6,137,2024-11-12 03:27:00
66,33,8462-4,79,2024-11-12 01:16:00
67,34,8480-6,140,2024-11-12 03:06:00
68,34,8462-4,66,2024-11-12 02:54:00
69,35,8480-6,150,2024-11-12 03:11:00
70,35,8462-4,75,2024-11-12 01:07:00
71,36,8480-6,117,2024-11-12 03:46:00
72,36,8462-4,65,2024-11-12 04:29:00
73,37,8480-6,130,2024-11-12 02:09:00
74,37,8462-4,61,2024-11-12 04:06:00
75,38,8480-6,121,2024-11-12 01:47:00
76,38,8462-4,91,2024-11-12 04:31:00
77,39,8480-6,120,2024-11-12 04:08:00
78,39,8462-4,61,2024-11-12 01:49:00
79,40,8480-6,146,2024-11-12 04:20:00
80,40,8462-4,69,2024-11-12 02:46:00
81,41,8480-6,123,2024-11-12 02:52:00
82,41,8462-4,74,2024-11-12 04:00:00
83,42,8480-6,155,2024-11-12 02:52:00
84,42,8462-4,90,2024-11-12 04:48:00
85,43,8480-6,127,2024-11-12 04:46:00
86,43,8462-4,82,2024-11-12 02:58:00
87,44,8480-6,117,2024-11-12 01:24:00
88,44,8462-4,92,2024-11-12 03:59:00
89,45,8480-6,117,2024-11-12 02:58:00
90,45,8462-4,81,2024-11-12 03:06:00
91,46,8480-6,158,2024-11-12 01:22:00
92,46,8462-4,88,2024-11-12 03:19:00
93,47,8480-6,132,2024-11-12 02:12:00
94,47,8462-4,79,2024-11-12 02:26:00
95,48,8480-6,156,2024-11-12 03:23:00
96,48,8462-4,87,2024-11-12 03:33:00
97,49,8480-6,116,2024-11-12 02:07:00
98,49,8462-4,60,2024-11-12 04:28:00
99,50,8480-6,141,2024-11-12 01:46:00
100,50,8462-4,89,2024-11-12 03:50:00
101,51,8480-6,153,2024-11-12 02:04:00
102,51,8462-4,71,2024-11-12 03:59:00
103,52,8480-6,144,2024-11-12 01:12:00
104,52,8462-4,85,2024-11-12 02:32:00
105,53,8480-6,116,2024-11-12 01:53:00
106,53,8462-4,89,2024-11-12 03:09:00
107,54,8480-6,153,2024-11-12 02:03:00
108,54,8462-4,70,2024-11-12 03:28:00
109,55,8480-6,124,2024-11-12 03:47:00
110,55,8462-4,91,2024-11-12 03:07:00
111,56,8480-6,152,2024-11-12 04:17:00
112,56,8462-4,79,2024-11-12 01:16:00
113,57,8480-6,152,2024-11-12 03:27:00
114,57,8462-4,67,2024-11-12 03:21:00
115,58,8480-6,147,2024-11-12 04:07:00
116,58,8462-4,69,2024-11-12 04:38:00
117,59,8480-6,158,2024-11-12 04:10:00
118,59,8462-4,61,2024-11-12 01:18:00
119,60,8480-6,158,2024-11-12 02:59:00
120,60,8462-4,99,2024-11-12 04:07:00
121,61,8480-6,156,2024-11-12 02:01:00
122,61,8462-4,71,2024-11-12 02:46:00
123,62,8480-6,112,2024-11-12 03:53:00
124,62,8462-4,61,2024-11-12 03:53:00
125,63,8480-6,140,2024-11-12 01:54:00
126,63,8462-4,63,2024-11-12 04:21:00
127,64,8480-6,154,2024-11-12 02:48:00
128,64,8462-4,78,2024-11-12 01:46:00
129,65,8480-6,142,2024-11-12 03:18:00
130,65,8462-4,86,2024-11-12 01:32:00
131,66,8480-6,118,2024-11-12 03:09:00
132,66,8462-4,94,2024-11-12 02:50:00
133,67,8480-6,139,2024-11-12 02:57:00
134,67,8462-4,66,2024-11-12 01:43:00
135,68,8480-6,120,2024-11-12 03:53:00
136,68,8462-4,98,2024-11-12 01:28:00
137,69,8480-6,125,2024-11-12 04:27:00
138,69,8462-4,82,2024-11-12 02:36:00
139,70,8480-6,123,2024-11-12 03:14:00
140,70,8462-4,76,2024-11-12 03:53:00
141,71,8480-6,114,2024-11-12 02:23:00
142,71,8462-4,77,2024-11-12 01:51:00
143,72,8480-6,121,2024-11-12 01:21:00
144,72,8462-4,71,2024-11-12 03:07:00
145,73,8480-6,156,2024-11-12 04:30:00
146,73,8462-4,64,2024-11-12 04:33:00
147,74,8480-6,129,2024-11-12 03:58:00
148,74,8462-4,96,2024-11-12 03:24:00
149,75,8480-6,113,2024-11-12 03:22:00
150,75,8462-4,72,2024-11-12 03:48:00
151,76,8480-6,160,2024-11-12 02:33:00
152,76,8462-4,72,2024-11-12 02:56:00
153,77,8480-6,137,2024-11-12 04:34:00
154,77,8462-4,91,2024-11-12 01:42:00
155,78,8480-6,128,2024-11-12 03:18:00
156,78,8462-4,64,2024-11-12 03:46:00
157,79,8480-6,159,2024-11-12 01:56:00
158,79,8462-4,76,2024-11-12 03:59:00
159,80,8480-6,134,2024-11-12 03:45:00
160,80,8462-4,88,2024-11-12 02:39:00
161,81,8480-6,158,2024-11-12 03:45:00
162,81,8462-4,77,2024-11-12 03:35:00
163,82,8480-6,160,2024-11-12 04:43:00
164,82,8462-4,65,2024-11-12 01:15:00
165,83,8480-6,115,2024-11-12 01:33:00
166,83,8462-4,95,2024-11-12 04:01:00
167,84,8480-6,132,2024-11-12 02:36:00
168,84,8462-4,85,2024-11-12 04:30:00
169,85,8480-6,151,2024-11-12 03:31:00
170,85,8462-4,93,2024-11-12 01:26:00
171,86,8480-6,155,2024-11-12 02:11:00
172,86,8462-4,67,2024-11-12 04:36:00
173,87,8480-6,119,2024-11-12 02:38:00
174,87,8462-4,71,2024-11-12 02:30:00
175,88,8480-6,154,2024-11-12 02:10:00
176,88,8462-4,85,2024-11-12 04:03:00
177,89,8480-6,160,2024-11-12 04:29:00
178,89,8462-4,94,2024-11-12 04:34:00
179,90,8480-6,110,2024-11-12 01:53:00
180,90,8462-4,96,2024-11-12 04:24:00
181,91,8480-6,117,2024-11-12 01:28:00
182,91,8462-4,63,2024-11-12 04:19:00
183,92,8480-6,112,2024-11-12 04:19:00
184,92,8462-4,62,2024-11-12 03:11:00
185,93,8480-6,153,2024-11-12 02:48:00
186,93,8462-4,64,2024-11-12 01:38:00
187,94,8480-6,150,2024-11-12 01:37:00
188,94,8462-4,85,2024-11-12 03:58:00
189,95,8480-6,157,2024-11-12 03:34:00
190,95,8462-4,64,2024-11-12 01:52:00
191,96,8480-6,134,2024-11-12 04:06:00
192,96,8462-4,80,2024-11-12 03:20:00
193,97,8480-6,150,2024-11-12 03:53:00
194,97,8462-4,63,2024-11-12 03:15:00
195,98,8480-6,149,2024-11-12 03:13:00
196,98,8462-4,85,2024-11-12 03:14:00
197,99,8480-6,122,2024-11-12 01:53:00
198,99,8462-4,96,2024-11-12 01:05:00
199,100,8480-6,152,2024-11-12 02:35:00
200,100,8462-4,95,2024-11-12 03:57:00
201,101,8480-6,113,2024-11-12 01:57:00
202,101,8462-4,75,2024-11-12 01:26:00
203,102,8480-6,144,2024-11-12 02:19:00
204,102,8462-4,89,2024-11-12 04:49:00
205,103,8480-6,115,2024-11-12 04:37:00
206,103,8462-4,72,2024-11-12 01:16:00
207,104,8480-6,145,2024-11-12 01:29:00
208,104,8462-4,71,2024-11-12 03:12:00
209,105,8480-6,135,2024-11-12 02:35:00
210,105,8462-4,90,2024-11-12 03:07:00
211,106,8480-6,129,2024-11-12 04:22:00
212,106,8462-4,68,2024-11-12 01:23:00
213,107,8480-6,146,2024-11-12 04:26:00
214,107,8462-4,68,2024-11-12 04:28:00
215,108,8480-6,135,2024-11-12 01:10:00
216,108,8462-4,99,2024-11-12 01:44:00
217,109,8480-6,124,2024-11-12 04:44:00
218,109,8462-4,89,2024-11-12 03:01:00
219,110,8480-6,129,2024-11-12 02:19:00
220,110,8462-4,85,2024-11-12 03:54:00
221,111,8480-6,141,2024-11-12 03:08:00
222,111,8462-4,82,2024-11-12 02:51:00
223,112,8480-6,138,2024-11-12 04:42:00
224,112,8462-4,80,2024-11-12 04:12:00
225,113,8480-6,131,2024-11-12 04:03:00
226,113,8462-4,92,2024-11-12 04:16:00
227,114,8480-6,158,2024-11-12 03:50:00
228,114,8462-4,89,2024-11-12 02:09:00
229,115,8480-6,139,2024-11-12 04:49:00
230,115,8462-4,68,2024-11-12 02:18:00
231,116,8480-6,118,2024-11-12 04:18:00
232,116,8462-4,79,2024-11-12 03:54:00
233,117,8480-6,153,2024-11-12 02:29:00
234,117,8462-4,66,2024-11-12 04:39:00
235,118,8480-6,145,2024-11-12 02:35:00
236,118,8462-4,85,2024-11-12 04:16:00
237,119,8480-6,144,2024-11-12 03:43:00
238,119,8462-4,91,2024-11-12 01:55:00
239,120,8480-6,156,2024-11-12 02:31:00
240,120,8462-4,84,2024-11-12 03:02:00
241,121,8480-6,136,2024-11-12 01:58:00
242,121,8462-4,79,2024-11-12 02:36:00
243,122,8480-6,143,2024-11-12 03:57:00
244,122,8462-4,82,2024-11-12 03:26:00
245,123,8480-6,112,2024-11-12 01:06:00
246,123,8462-4,60,2024-11-12 01:16:00
247,124,8480-6,143,2024-11-12 04:21:00
248,124,8462-4,70,2024-11-12 03:09:00
249,125,8480-6,124,2024-11-12 04:07:00
250,125,8462-4,65,2024-11-12 04:30:00
251,126,8480-6,156,2024-11-12 03:48:00
252,126,8462-4,88,2024-11-12 02:49:00
253,127,8480-6,110,2024-11-12 03:11:00
254,127,8462-4,61,2024-11-12 04:25:00
255,128,8480-6,154,2024-11-12 02:00:00
256,128,8462-4,60,2024-11-12 01:08:00
257,129,8480-6,141,2024-11-12 02:04:00
258,129,8462-4,68,2024-11-12 02:52:00
259,130,8480-6,152,2024-11-12 04:04:00
260,130,8462-4,65,2024-11-12 02:34:00
261,131,8480-6,111,2024-11-12 02:05:00
262,131,8462-4,61,2024-11-12 03:42:00
263,132,8480-6,122,2024-11-12 02:19:00
264,132,8462-4,71,2024-11-12 04:41:00
265,133,8480-6,133,2024-11-12 02:25:00
266,133,8462-4,77,2024-11-12 01:42:00
267,134,8480-6,148,2024-11-12 03:19:00
268,134,8462-4,94,2024-11-12 03:50:00
269,135,8480-6,129,2024-11-12 04:17:00
270,135,8462-4,66,2024-11-12 03:12:00
271,136,2345-7,1,2024-11-12 01:40:00
