ORDER_PROC_ID,PAT_ENC_CSN_ID,PROC_CODE,ORDER_TIME
1,100002,LABBP,2024-11-12 01:36:00
2,100003,LABBP,2024-11-12 01:37:00
3,100005,LABBP,2024-11-12 02:43:00
4,100006,LABBP,2024-11-12 01:32:00
5,100007,LABBP,2024-11-12 02:11:00
6,100008,LABBP,2024-11-12 02:42:00
7,100010,LABBP,2024-11-12 04:17:00
8,100011,LABBP,2024-11-12 03:00:00
9,100012,LABBP,2024-11-12 03:16:00
10,100015,LABBP,2024-11-12 02:28:00
11,100016,LABBP,2024-11-12 02:17:00
12,100018,LABBP,2024-11-12 02:05:00
13,100021,LABBP,2024-11-12 01:59:00
14,100022,LABBP,2024-11-12 03:23:00
15,100023,LABBP,2024-11-12 01:43:00
16,100025,LABBP,2024-11-12 03:26:00
17,100026,LABBP,2024-11-12 04:18:00
18,100027,LABBP,2024-11-12 01:09:00
19,100031,LABBP,2024-11-12 02:20:00
20,100033,LABBP,2024-11-12 03:03:00
21,100036,LABBP,2024-11-12 03:12:00
22,100037,LABBP,2024-11-12 01:20:00
23,100038,LABBP,2024-11-12 01:33:00
24,100040,LABBP,2024-11-12 02:22:00
25,100042,LABBP,2024-11-12 01:20:00
26,100043,LABBP,2024-11-12 02:27:00
27,100046,LABBP,2024-11-12 04:20:00
28,100047,LABBP,2024-11-12 02:22:00
29,100056,LABBP,2024-11-12 02:21:00
30,100057,LABBP,2024-11-12 02:13:00
31,100060,LABBP,2024-11-12 03:04:00
32,100061,LABBP,2024-11-12 02:14:00
33,100062,LABBP,2024-11-12 02:06:00
34,100064,LABBP,2024-11-12 03:55:00
35,100066,LABBP,2024-11-12 04:05:00
36,100068,LABBP,2024-11-12 02:31:00
37,100070,LABBP,2024-11-12 03:14:00
38,100071,LABBP,2024-11-12 02:39:00
39,100074,LABBP,2024-11-12 02:01:00
40,100075,LABBP,2024-11-12 02:28:00
41,100077,LABBP,2024-11-12 02:23:00
42,100078,LABBP,2024-11-12 03:43:00
43,100080,LABBP,2024-11-12 02:47:00
44,100081,LABBP,2024-11-12 02:54:00
45,100083,LABBP,2024-11-12 02:05:00
46,100085,LABBP,2024-11-12 01:29:00
47,100088,LABBP,2024-11-12 02:53:00
48,100089,LABBP,2024-11-12 02:59:00
49,100090,LABBP,2024-11-12 02:14:00
50,100092,LABBP,2024-11-12 01:30:00
51,100096,LABBP,2024-11-12 01:12:00
52,100097,LABBP,2024-11-12 01:49:00
53,100099,LABBP,2024-11-12 03:00:00
54,100100,LABBP,2024-11-12 03:09:00
55,100101,LABBP,2024-11-12 03:03:00
56,100103,LABBP,2024-11-12 01:27:00
57,100104,LABBP,2024-11-12 02:54:00
58,100110,LABBP,2024-11-12 04:16:00
59,100111,LABBP,2024-11-12 01:50:00
60,100112,LABBP,2024-11-12 02:36:00
61,100114,LABBP,2024-11-12 01:10:00
62,100118,LABBP,2024-11-12 01:19:00
63,100120,LABBP,2024-11-12 01:00:00
64,100126,LABBP,2024-11-12 01:23:00
65,100129,LABBP,2024-11-12 04:04:00
66,100130,LABBP,2024-11-12 01:11:00
67,100131,LABBP,2024-11-12 01:00:00
68,100132,LABBP,2024-11-12 02:32:00
69,100133,LABBP,2024-11-12 01:06:00
70,100134,LABBP,2024-11-12 02:31:00
71,100135,LABBP,2024-11-12 02:09:00
72,100137,LABBP,2024-11-12 03:43:00
73,100140,LABBP,2024-11-12 03:57:00
74,100141,LABBP,2024-11-12 01:21:00
75,100143,LABBP,2024-11-12 02:41:00
76,100146,LABBP,2024-11-12 02:31:00
77,100148,LABBP,2024-11-12 01:56:00
78,100150,LABBP,2024-11-12 02:36:00
79,100151,LABBP,2024-11-12 04:00:00
80,100154,LABBP,2024-11-12 02:19:00
81,100156,LABBP,2024-11-12 02:33:00
82,100157,LABBP,2024-11-12 04:15:00
83,100159,LABBP,2024-11-12 03:50:00
84,100163,LABBP,2024-11-12 04:05:00
85,100165,LABBP,2024-11-12 03:36:00
86,100166,LABBP,2024-11-12 01:00:00
87,100170,LABBP,2024-11-12 02:29:00
88,100172,LABBP,2024-11-12 03:21:00
89,100173,LABBP,2024-11-12 04:16:00
90,100179,LABBP,2024-11-12 04:01:00
91,100180,LABBP,2024-11-12 03:22:00
92,100181,LABBP,2024-11-12 03:46:00
93,100182,LABBP,2024-11-12 03:29:00
94,100188,LABBP,2024-11-12 02:02:00
95,100189,LABBP,2024-11-12 01:18:00
96,100195,LABBP,2024-11-12 04:08:00
97,100203,LABBP,2024-11-12 01:57:00
98,100204,LABBP,2024-11-12 03:43:00
99,100206,LABBP,2024-11-12 01:16:00
100,100207,LABBP,2024-11-12 01:34:00
101,100213,LABBP,2024-11-12 02:23:00
102,100217,LABBP,2024-11-12 01:58:00
103,100218,LABBP,2024-11-12 01:07:00
104,100219,LABBP,2024-11-12 02:12:00
105,100220,LABBP,2024-11-12 02:38:00
106,100221,LABBP,2024-11-12 03:04:00
107,100223,LABBP,2024-11-12 03:49:00
108,100224,LABBP,2024-11-12 02:53:00
109,100225,LABBP,2024-11-12 03:07:00
110,100226,LABBP,2024-11-12 03:43:00
111,100230,LABBP,2024-11-12 03:23:00
112,100231,LABBP,2024-11-12 03:22:00
113,100233,LABBP,2024-11-12 04:18:00
114,100238,LABBP,2024-11-12 02:26:00
115,100242,LABBP,2024-11-12 01:05:00
116,100244,LABBP,2024-11-12 01:39:00
117,100245,LABBP,2024-11-12 03:12:00
118,100247,LABBP,2024-11-12 03:42:00
119,100251,LABBP,2024-11-12 03:03:00
120,100253,LABBP,2024-11-12 03:14:00
121,100254,LABBP,2024-11-12 01:07:00
122,100258,LABBP,2024-11-12 02:12:00
123,100260,LABBP,2024-11-12 02:15:00
124,100262,LABBP,2024-11-12 03:01:00
125,100263,LABBP,2024-11-12 02:11:00
126,100267,LABBP,2024-11-12 04:07:00
127,100268,LABBP,2024-11-12 04:05:00
128,100269,LABBP,2024-11-12 02:28:00
129,100274,LABBP,2024-11-12 02:14:00
130,100277,LABBP,2024-11-12 01:19:00
131,100279,LABBP,2024-11-12 01:02:00
132,100281,LABBP,2024-11-12 03:29:00
133,100282,LABBP,2024-11-12 03:32:00
134,100284,LABBP,2024-11-12 02:47:00
135,100286,LABBP,2024-11-12 01:15:00
136,999999,ORPHAN,2024-11-12 01:00:00
