PAT_ENC_CSN_ID,PAT_ID,HOSP_ADMSN_TIME,HOSP_DISCH_TIME,DEPARTMENT_ID
100001,Z000001,2024-11-11 15:00:00,,ICU
100002,Z000002,2024-11-09 23:00:00,,MED
100003,Z000003,2024-11-09 05:00:00,,SURG
100004,Z000004,2024-11-10 04:00:00,,ICU
100005,Z000005,2024-11-12 03:57:00,,SURG
100006,Z000007,2024-11-10 12:00:00,2024-11-12 03:48:00,MED
100007,Z000008,2024-11-11 20:00:00,,SURG
100008,Z000009,2024-11-09 19:00:00,,ICU
100009,Z000010,2024-11-09 09:00:00,,ED
100010,Z000011,2024-11-12 01:33:00,,ED
100011,Z000012,2024-11-10 05:00:00,2024-11-12 03:07:00,ED
100012,Z000014,2024-11-09 09:00:00,,ED
100013,Z000016,2024-11-11 11:00:00,2024-11-12 03:55:00,ED
100014,Z000018,2024-11-11 03:00:00,2024-11-12 03:22:00,SURG
100015,Z000020,2024-11-11 20:00:00,,SURG
100016,Z000021,2024-11-10 01:00:00,,ICU
100017,Z000022,2024-11-09 20:00:00,,ED
100018,Z000023,2024-11-09 01:00:00,,ED
100019,Z000024,2024-11-11 22:00:00,2024-11-12 02:21:00,ICU
100020,Z000025,2024-11-10 18:00:00,,ED
100021,Z000026,2024-11-11 00:00:00,,SURG
100022,Z000027,2024-11-11 21:00:00,,MED
100023,Z000028,2024-11-12 03:21:00,,ED
100024,Z000030,2024-11-10 15:00:00,,MED
100025,Z000031,2024-11-10 14:00:00,2024-11-12 01:41:00,ICU
100026,Z000032,2024-11-10 16:00:00,,ICU
100027,Z000033,2024-11-10 04:00:00,,ED
100028,Z000035,2024-11-09 10:00:00,2024-11-12 01:49:00,MED
100029,Z000036,2024-11-10 03:00:00,,ED
100030,Z000037,2024-11-09 04:00:00,,MED
100031,Z000039,2024-11-11 08:00:00,,ICU
100032,Z000042,2024-11-12 03:51:00,,ED
100033,Z000043,2024-11-10 10:00:00,,MED
100034,Z000044,2024-11-09 07:00:00,2024-11-12 03:14:00,ED
100035,Z000046,2024-11-09 23:00:00,,ED
100036,Z000047,2024-11-10 17:00:00,,SURG
100037,Z000048,2024-11-12 02:15:00,,MED
100038,Z000049,2024-11-10 03:00:00,,MED
100039,Z000051,2024-11-09 02:00:00,2024-11-12 03:35:00,ED
100040,Z000052,2024-11-09 19:00:00,,ED
100041,Z000054,2024-11-10 14:00:00,,MED
100042,Z000056,2024-11-09 10:00:00,,SURG
100043,Z000057,2024-11-09 18:00:00,,SURG
100044,Z000058,2024-11-11 09:00:00,,MED
100045,Z000059,2024-11-09 19:00:00,,SURG
100046,Z000060,2024-11-09 16:00:00,2024-11-12 04:10:00,ED
100047,Z000061,2024-11-11 13:00:00,,ED
100048,Z000062,2024-11-11 14:00:00,,SURG
100049,Z000064,2024-11-10 16:00:00,2024-11-12 02:03:00,MED
100050,Z000065,2024-11-09 19:00:00,,ICU
100051,Z000067,2024-11-12 02:54:00,,SURG
100052,Z000069,2024-11-10 00:00:00,,SURG
100053,Z000070,2024-11-09 07:00:00,,ED
100054,Z000072,2024-11-11 10:00:00,,SURG
100055,Z000073,2024-11-09 05:00:00,,ICU
100056,Z000078,2024-11-11 00:00:00,2024-11-12 02:07:00,MED
100057,Z000079,2024-11-12 02:35:00,2024-11-12 04:19:00,MED
100058,Z000081,2024-11-09 11:00:00,,ED
100059,Z000082,2024-11-09 23:00:00,2024-11-12 02:49:00,ED
100060,Z000083,2024-11-09 02:00:00,,ICU
100061,Z000084,2024-11-10 16:00:00,2024-11-12 03:28:00,ED
100062,Z000086,2024-11-09 23:00:00,,MED
100063,Z000087,2024-11-09 17:00:00,,SURG
100064,Z000088,2024-11-11 12:00:00,,SURG
100065,Z000090,2024-11-11 18:00:00,,SURG
100066,Z000092,2024-11-11 05:00:00,,SURG
100067,Z000093,2024-11-10 20:00:00,2024-11-12 02:19:00,MED
100068,Z000094,2024-11-10 16:00:00,,SURG
100069,Z000095,2024-11-11 11:00:00,,SURG
100070,Z000096,2024-11-11 10:00:00,2024-11-12 03:11:00,SURG
100071,Z000098,2024-11-12 03:05:00,,MED
100072,Z000100,2024-11-09 01:00:00,2024-11-12 02:20:00,ICU
100073,Z000101,2024-11-10 09:00:00,,MED
100074,Z000102,2024-11-09 15:00:00,,ICU
100075,Z000103,2024-11-09 05:00:00,2024-11-12 02:32:00,ICU
100076,Z000104,2024-11-10 22:00:00,2024-11-12 03:30:00,ICU
100077,Z000105,2024-11-09 06:00:00,,SURG
100078,Z000106,2024-11-09 12:00:00,2024-11-12 03:29:00,SURG
100079,Z000110,2024-11-10 11:00:00,,ICU
100080,Z000115,2024-11-12 03:46:00,,ICU
100081,Z000117,2024-11-12 03:50:00,,ED
100082,Z000118,2024-11-11 20:00:00,2024-11-12 03:20:00,SURG
100083,Z000119,2024-11-10 16:00:00,,MED
100084,Z000121,2024-11-09 03:00:00,,MED
100085,Z000122,2024-11-10 08:00:00,,SURG
100086,Z000124,2024-11-09 20:00:00,,MED
100087,Z000125,2024-11-10 07:00:00,,MED
100088,Z000126,2024-11-12 01:31:00,,SURG
100089,Z000127,2024-11-11 18:00:00,,ED
100090,Z000128,2024-11-09 02:00:00,,MED
100091,Z000129,2024-11-11 04:00:00,2024-11-12 02:11:00,SURG
100092,Z000130,2024-11-09 09:00:00,,ED
100093,Z000131,2024-11-09 02:00:00,,SURG
100094,Z000134,2024-11-09 09:00:00,,ICU
100095,Z000135,2024-11-10 09:00:00,,ICU
100096,Z000136,2024-11-10 16:00:00,,ICU
100097,Z000137,2024-11-12 01:40:00,,MED
100098,Z000138,2024-11-11 05:00:00,,ICU
100099,Z000139,2024-11-12 02:43:00,,ICU
100100,Z000141,2024-11-10 21:00:00,,MED
100101,Z000143,2024-11-11 06:00:00,,ICU
100102,Z000144,2024-11-11 10:00:00,,ICU
100103,Z000146,2024-11-11 01:00:00,,MED
100104,Z000148,2024-11-09 05:00:00,,ICU
100105,Z000150,2024-11-12 01:27:00,,ED
100106,Z000151,2024-11-10 20:00:00,2024-11-12 02:05:00,SURG
100107,Z000152,2024-11-11 18:00:00,,MED
100108,Z000153,2024-11-10 05:00:00,,ICU
100109,Z000155,2024-11-11 12:00:00,2024-11-12 04:11:00,ED
100110,Z000157,2024-11-12 01:28:00,,ICU
100111,Z000158,2024-11-10 20:00:00,,ED
100112,Z000160,2024-11-10 06:00:00,,MED
100113,Z000163,2024-11-09 13:00:00,2024-11-12 02:28:00,ICU
100114,Z000164,2024-11-10 18:00:00,,ED
100115,Z000165,2024-11-11 05:00:00,,MED
100116,Z000167,2024-11-11 15:00:00,2024-11-12 02:28:00,SURG
100117,Z000168,2024-11-10 00:00:00,,SURG
100118,Z000169,2024-11-11 03:00:00,,MED
100119,Z000170,2024-11-10 10:00:00,,ED
100120,Z000171,2024-11-10 23:00:00,,ICU
100121,Z000173,2024-11-12 03:04:00,,MED
100122,Z000174,2024-11-09 18:00:00,,MED
100123,Z000177,2024-11-12 03:55:00,,MED
100124,Z000178,2024-11-11 02:00:00,,ED
100125,Z000179,2024-11-09 07:00:00,,MED
100126,Z000182,2024-11-11 06:00:00,,ED
100127,Z000183,2024-11-11 07:00:00,,MED
100128,Z000184,2024-11-11 19:00:00,2024-11-12 03:03:00,ICU
100129,Z000187,2024-11-11 09:00:00,,SURG
100130,Z000188,2024-11-09 07:00:00,,ICU
100131,Z000189,2024-11-09 08:00:00,,ED
100132,Z000192,2024-11-11 23:00:00,2024-11-12 03:10:00,MED
100133,Z000193,2024-11-11 22:00:00,,ICU
100134,Z000194,2024-11-09 04:00:00,,MED
100135,Z000195,2024-11-11 15:00:00,,ED
100136,Z000197,2024-11-11 21:00:00,2024-11-12 01:36:00,ED
100137,Z000198,2024-11-09 14:00:00,,ED
100138,Z000199,2024-11-11 01:00:00,2024-11-12 02:58:00,MED
100139,Z000203,2024-11-09 21:00:00,,MED
100140,Z000204,2024-11-10 06:00:00,2024-11-12 03:04:00,SURG
100141,Z000205,2024-11-10 08:00:00,2024-11-12 03:46:00,MED
100142,Z000206,2024-11-09 19:00:00,,SURG
100143,Z000208,2024-11-10 05:00:00,,SURG
100144,Z000210,2024-11-10 18:00:00,,SURG
100145,Z000211,2024-11-12 03:59:00,2024-11-12 04:17:00,MED
100146,Z000212,2024-11-09 17:00:00,,ICU
100147,Z000216,2024-11-09 23:00:00,,ED
100148,Z000217,2024-11-09 15:00:00,,ED
100149,Z000218,2024-11-11 06:00:00,,ICU
100150,Z000220,2024-11-11 23:00:00,,SURG
100151,Z000221,2024-11-11 07:00:00,,ICU
100152,Z000226,2024-11-09 18:00:00,2024-11-12 03:31:00,ICU
100153,Z000227,2024-11-10 08:00:00,,ICU
100154,Z000228,2024-11-11 17:00:00,,SURG
100155,Z000229,2024-11-10 00:00:00,,MED
100156,Z000230,2024-11-10 15:00:00,2024-11-12 01:36:00,SURG
100157,Z000232,2024-11-10 15:00:00,,SURG
100158,Z000233,2024-11-10 12:00:00,,MED
100159,Z000235,2024-11-12 03:47:00,,ICU
100160,Z000236,2024-11-09 19:00:00,,ICU
100161,Z000237,2024-11-11 06:00:00,2024-11-12 03:51:00,SURG
100162,Z000239,2024-11-10 11:00:00,,ED
100163,Z000240,2024-11-10 20:00:00,,MED
100164,Z000241,2024-11-09 09:00:00,,SURG
100165,Z000243,2024-11-09 03:00:00,,ICU
100166,Z000244,2024-11-09 09:00:00,,MED
100167,Z000245,2024-11-09 20:00:00,2024-11-12 03:27:00,ED
100168,Z000247,2024-11-10 19:00:00,,ICU
100169,Z000249,2024-11-11 11:00:00,,MED
100170,Z000250,2024-11-11 21:00:00,,ED
100171,Z000251,2024-11-12 02:20:00,,ED
100172,Z000254,2024-11-11 13:00:00,,MED
100173,Z000255,2024-11-12 02:13:00,2024-11-12 02:15:00,ICU
100174,Z000256,2024-11-11 06:00:00,,SURG
100175,Z000257,2024-11-11 20:00:00,,ICU
100176,Z000258,2024-11-10 16:00:00,,ED
100177,Z000259,2024-11-09 17:00:00,,SURG
100178,Z000260,2024-11-10 12:00:00,2024-11-12 03:32:00,ED
100179,Z000261,2024-11-11 12:00:00,,ICU
100180,Z000262,2024-11-09 21:00:00,,MED
100181,Z000264,2024-11-10 21:00:00,,SURG
100182,Z000265,2024-11-09 18:00:00,,MED
100183,Z000266,2024-11-12 02:26:00,2024-11-12 03:35:00,ED
100184,Z000267,2024-11-11 06:00:00,,MED
100185,Z000268,2024-11-10 08:00:00,,ICU
100186,Z000269,2024-11-10 03:00:00,,MED
100187,Z000270,2024-11-11 15:00:00,,ICU
100188,Z000272,2024-11-10 18:00:00,,SURG
100189,Z000273,2024-11-12 03:37:00,,ED
100190,Z000274,2024-11-09 13:00:00,,MED
100191,Z000275,2024-11-09 19:00:00,,MED
100192,Z000276,2024-11-10 01:00:00,2024-11-12 02:43:00,SURG
100193,Z000277,2024-11-11 03:00:00,,ED
100194,Z000278,2024-11-11 17:00:00,2024-11-12 02:17:00,ED
100195,Z000280,2024-11-11 19:00:00,,SURG
100196,Z000281,2024-11-09 23:00:00,,MED
100197,Z000282,2024-11-11 20:00:00,,ED
100198,Z000284,2024-11-10 23:00:00,,SURG
100199,Z000286,2024-11-09 04:00:00,,MED
100200,Z000288,2024-11-09 01:00:00,2024-11-12 03:16:00,SURG
100201,Z000289,2024-11-10 02:00:00,,SURG
100202,Z000290,2024-11-10 04:00:00,,ED
100203,Z000291,2024-11-10 02:00:00,,SURG
100204,Z000292,2024-11-11 09:00:00,,ED
100205,Z000293,2024-11-09 17:00:00,,ED
100206,Z000294,2024-11-12 01:40:00,,ICU
100207,Z000295,2024-11-09 07:00:00,,SURG
100208,Z000296,2024-11-09 01:00:00,2024-11-12 02:53:00,MED
100209,Z000297,2024-11-09 22:00:00,,MED
100210,Z000298,2024-11-10 14:00:00,,MED
100211,Z000299,2024-11-11 08:00:00,2024-11-12 03:40:00,ED
100212,Z000300,2024-11-10 15:00:00,,ED
100213,Z000301,2024-11-12 01:20:00,,MED
100214,Z000302,2024-11-11 18:00:00,,MED
100215,Z000303,2024-11-12 02:38:00,2024-11-12 01:39:00,MED
100216,Z000304,2024-11-09 17:00:00,,ED
100217,Z000305,2024-11-09 18:00:00,,ED
100218,Z000306,2024-11-11 07:00:00,2024-11-12 01:43:00,MED
100219,Z000310,2024-11-10 11:00:00,,ED
100220,Z000311,2024-11-12 01:55:00,,ED
100221,Z000312,2024-11-09 04:00:00,,ED
100222,Z000313,2024-11-12 01:29:00,2024-11-12 04:15:00,SURG
100223,Z000314,2024-11-10 11:00:00,2024-11-12 04:06:00,MED
100224,Z000315,2024-11-11 16:00:00,,ED
100225,Z000316,2024-11-11 04:00:00,,SURG
100226,Z000317,2024-11-10 05:00:00,2024-11-12 01:55:00,ICU
100227,Z000318,2024-11-10 04:00:00,2024-11-12 02:33:00,ED
100228,Z000321,2024-11-09 04:00:00,,ED
100229,Z000322,2024-11-11 15:00:00,,MED
100230,Z000323,2024-11-10 19:00:00,,ED
100231,Z000325,2024-11-10 14:00:00,,ICU
100232,Z000326,2024-11-10 16:00:00,2024-11-12 02:11:00,ED
100233,Z000327,2024-11-10 16:00:00,2024-11-12 04:17:00,MED
100234,Z000328,2024-11-10 08:00:00,2024-11-12 03:52:00,ICU
100235,Z000329,2024-11-12 03:31:00,,ED
100236,Z000330,2024-11-11 09:00:00,2024-11-12 02:52:00,MED
100237,Z000331,2024-11-10 01:00:00,,ED
100238,Z000332,2024-11-09 12:00:00,,ICU
100239,Z000333,2024-11-12 02:37:00,2024-11-12 02:45:00,ICU
100240,Z000334,2024-11-11 19:00:00,,SURG
100241,Z000335,2024-11-10 13:00:00,,MED
100242,Z000336,2024-11-09 01:00:00,2024-11-12 01:39:00,MED
100243,Z000338,2024-11-11 22:00:00,,MED
100244,Z000339,2024-11-09 05:00:00,,ED
100245,Z000340,2024-11-11 06:00:00,,ICU
100246,Z000341,2024-11-11 19:00:00,2024-11-12 02:35:00,MED
100247,Z000342,2024-11-09 09:00:00,,SURG
100248,Z000344,2024-11-09 04:00:00,,SURG
100249,Z000345,2024-11-10 00:00:00,2024-11-12 04:03:00,ED
100250,Z000346,2024-11-09 02:00:00,,SURG
100251,Z000348,2024-11-09 02:00:00,,MED
100252,Z000350,2024-11-12 03:28:00,,MED
100253,Z000351,2024-11-09 22:00:00,2024-11-12 01:49:00,SURG
100254,Z000352,2024-11-09 13:00:00,,SURG
100255,Z000353,2024-11-12 03:21:00,,MED
100256,Z000354,2024-11-11 04:00:00,,SURG
100257,Z000355,2024-11-09 14:00:00,2024-11-12 02:46:00,MED
100258,Z000356,2024-11-11 04:00:00,,MED
100259,Z000358,2024-11-10 07:00:00,,ICU
100260,Z000359,2024-11-09 03:00:00,2024-11-12 03:10:00,MED
100261,Z000360,2024-11-12 02:04:00,,SURG
100262,Z000361,2024-11-11 10:00:00,,ICU
100263,Z000364,2024-11-09 14:00:00,,MED
100264,Z000365,2024-11-10 17:00:00,2024-11-12 04:04:00,ED
100265,Z000366,2024-11-11 00:00:00,,ED
100266,Z000367,2024-11-10 13:00:00,,ED
100267,Z000368,2024-11-12 03:41:00,,ED
100268,Z000369,2024-11-10 00:00:00,,ICU
100269,Z000371,2024-11-10 11:00:00,,ED
100270,Z000372,2024-11-11 00:00:00,,ICU
100271,Z000373,2024-11-10 02:00:00,,SURG
100272,Z000374,2024-11-11 11:00:00,,ICU
100273,Z000375,2024-11-10 04:00:00,,SURG
100274,Z000376,2024-11-09 01:00:00,,ICU
100275,Z000377,2024-11-09 17:00:00,2024-11-12 03:55:00,MED
100276,Z000379,2024-11-09 19:00:00,,ICU
100277,Z000381,2024-11-11 00:00:00,2024-11-12 02:12:00,MED
100278,Z000385,2024-11-11 10:00:00,2024-11-12 02:17:00,MED
100279,Z000386,2024-11-10 07:00:00,,MED
100280,Z000387,2024-11-10 18:00:00,,SURG
100281,Z000388,2024-11-11 07:00:00,,ED
100282,Z000389,2024-11-09 01:00:00,,ED
100283,Z000390,2024-11-11 01:00:00,,ED
100284,Z000391,2024-11-10 12:00:00,,SURG
100285,Z000392,2024-11-10 12:00:00,,ED
100286,Z000394,2024-11-10 03:00:00,2024-11-12 03:04:00,SURG
100287,Z000395,2024-11-09 08:00:00,,ICU
100288,Z000397,2024-11-10 23:00:00,,MED
999999,MISSING_PAT,2024-11-12 01:00:00,,ED
