PAT_ID,PAT_MRN_ID,BIRTH_DATE,SEX
Z000001,MRN000001,1976-02-09,F
Z000002,MRN000002,1949-03-02,F
Z000003,MRN000003,1997-01-16,F
Z000004,MRN000004,1940-02-19,F
Z000005,MRN000005,1978-06-24,F
Z000006,MRN000006,2002-05-08,M
Z000007,MRN000007,1973-12-28,F
Z000008,MRN000008,1940-09-10,M
Z000009,MRN000009,1954-08-07,M
Z000010,MRN000010,1952-06-24,F
Z000011,MRN000011,1998-01-20,M
Z000012,MRN000012,1994-02-05,M
Z000013,MRN000013,1962-03-14,F
Z000014,MRN000014,1942-11-06,F
Z000015,MRN000015,1968-04-21,M
Z000016,MRN000016,1948-10-06,F
Z000017,MRN000017,1972-06-20,F
Z000018,MRN000018,1941-08-23,F
Z000019,MRN000019,1955-08-04,M
Z000020,MRN000020,2004-08-25,F
Z000021,MRN000021,1975-09-13,F
Z000022,MRN000022,1957-10-23,F
Z000023,MRN000023,1960-10-19,M
Z000024,MRN000024,1965-05-06,F
Z000025,MRN000025,1950-04-28,M
Z000026,MRN000026,1943-11-09,F
Z000027,MRN000027,1974-03-09,F
Z000028,MRN000028,1952-08-25,F
Z000029,MRN000029,1981-03-20,M
Z000030,MRN000030,1946-05-11,F
Z000031,MRN000031,1981-08-05,F
Z000032,MRN000032,1981-03-02,F
Z000033,MRN000033,1962-10-23,F
Z000034,MRN000034,1995-01-27,F
Z000035,MRN000035,1956-12-26,F
Z000036,MRN000036,1993-06-21,M
Z000037,MRN000037,1947-06-25,M
Z000038,MRN000038,1995-07-20,F
Z000039,MRN000039,1999-08-07,F
Z000040,MRN000040,1961-05-16,F
Z000041,MRN000041,1963-01-20,F
Z000042,MRN000042,1991-09-25,F
Z000043,MRN000043,1999-02-27,M
Z000044,MRN000044,2003-09-06,M
Z000045,MRN000045,1960-07-25,M
Z000046,MRN000046,1979-08-11,M
Z000047,MRN000047,1967-05-09,M
Z000048,MRN000048,1981-06-02,M
Z000049,MRN000049,1981-02-18,M
Z000050,MRN000050,1974-03-28,M
Z000051,MRN000051,1947-02-07,M
Z000052,MRN000052,1975-02-27,M
Z000053,MRN000053,2003-11-10,F
Z000054,MRN000054,1968-07-18,F
Z000055,MRN000055,1980-03-14,F
Z000056,MRN000056,1984-02-09,M
Z000057,MRN000057,1983-08-06,F
Z000058,MRN000058,1975-01-10,M
Z000059,MRN000059,1941-03-13,M
Z000060,MRN000060,1999-01-19,M
Z000061,MRN000061,1958-07-23,F
Z000062,MRN000062,1991-07-22,F
Z000063,MRN000063,2004-10-28,M
Z000064,MRN000064,1947-07-24,F
Z000065,MRN000065,1942-08-19,M
Z000066,MRN000066,1971-11-15,M
Z000067,MRN000067,1972-01-09,F
Z000068,MRN000068,1984-02-09,M
Z000069,MRN000069,1946-01-20,F
Z000070,MRN000070,2001-04-13,F
Z000071,MRN000071,1993-12-16,F
Z000072,MRN000072,1998-09-22,M
Z000073,MRN000073,2000-08-01,M
Z000074,MRN000074,1947-03-10,M
Z000075,MRN000075,2000-11-04,F
Z000076,MRN000076,1980-07-02,F
Z000077,MRN000077,1981-10-20,M
Z000078,MRN000078,1963-03-18,F
Z000079,MRN000079,1984-08-12,F
Z000080,MRN000080,1981-03-23,F
Z000081,MRN000081,1989-11-14,M
Z000082,MRN000082,1955-05-26,M
Z000083,MRN000083,1951-03-06,F
Z000084,MRN000084,1956-07-02,F
Z000085,MRN000085,1966-11-14,M
Z000086,MRN000086,1945-11-14,F
Z000087,MRN000087,1950-11-15,M
Z000088,MRN000088,1993-08-17,M
Z000089,MRN000089,1962-07-19,M
Z000090,MRN000090,1956-09-02,M
Z000091,MRN000091,1943-09-06,M
Z000092,MRN000092,1967-08-22,F
Z000093,MRN000093,1999-01-04,F
Z000094,MRN000094,1992-04-18,M
Z000095,MRN000095,1997-05-10,F
Z000096,MRN000096,1950-03-25,F
Z000097,MRN000097,1972-06-23,F
Z000098,MRN000098,1988-05-23,F
Z000099,MRN000099,1992-06-11,F
Z000100,MRN000100,2002-01-23,F
Z000101,MRN000101,1944-12-09,F
Z000102,MRN000102,1941-05-15,M
Z000103,MRN000103,1972-10-04,M
Z000104,MRN000104,2003-02-01,M
Z000105,MRN000105,1946-08-09,M
Z000106,MRN000106,1974-07-12,F
Z000107,MRN000107,1946-08-06,F
Z000108,MRN000108,1955-03-08,F
Z000109,MRN000109,1969-05-16,M
Z000110,MRN000110,1954-02-12,F
Z000111,MRN000111,1944-05-02,F
Z000112,MRN000112,1961-09-14,F
Z000113,MRN000113,1979-12-09,M
Z000114,MRN000114,2000-03-05,M
Z000115,MRN000115,1975-07-26,F
Z000116,MRN000116,1955-04-04,F
Z000117,MRN000117,1940-02-17,F
Z000118,MRN000118,1954-09-13,F
Z000119,MRN000119,1973-04-16,M
Z000120,MRN000120,1993-07-20,F
Z000121,MRN000121,1940-07-04,F
Z000122,MRN000122,1973-11-06,M
Z000123,MRN000123,1968-12-10,M
Z000124,MRN000124,1983-01-11,M
Z000125,MRN000125,1955-06-10,F
Z000126,MRN000126,1953-10-24,M
Z000127,MRN000127,1992-11-08,M
Z000128,MRN000128,1952-03-03,M
Z000129,MRN000129,1967-05-23,F
Z000130,MRN000130,1959-07-11,F
Z000131,MRN000131,1976-01-26,F
Z000132,MRN000132,1980-12-25,F
Z000133,MRN000133,1969-07-06,F
Z000134,MRN000134,2003-10-06,M
Z000135,MRN000135,1984-01-07,F
Z000136,MRN000136,1969-10-22,F
Z000137,MRN000137,1944-12-25,F
Z000138,MRN000138,1957-03-12,M
Z000139,MRN000139,1957-05-10,M
Z000140,MRN000140,1998-08-02,M
Z000141,MRN000141,1966-01-10,M
Z000142,MRN000142,1964-02-28,F
Z000143,MRN000143,1963-07-23,M
Z000144,MRN000144,1943-03-08,F
Z000145,MRN000145,2002-05-27,F
Z000146,MRN000146,1994-07-26,M
Z000147,MRN000147,1955-01-06,M
Z000148,MRN000148,2000-02-07,M
Z000149,MRN000149,1976-06-05,M
Z000150,MRN000150,1982-10-20,M
Z000151,MRN000151,1963-08-17,M
Z000152,MRN000152,1954-06-10,M
Z000153,MRN000153,1967-05-19,M
Z000154,MRN000154,1960-12-26,M
Z000155,MRN000155,1975-06-23,M
Z000156,MRN000156,2005-08-11,M
Z000157,MRN000157,1972-11-19,M
Z000158,MRN000158,1983-05-05,F
Z000159,MRN000159,1979-06-03,F
Z000160,MRN000160,1959-08-03,M
Z000161,MRN000161,1957-03-26,M
Z000162,MRN000162,1947-03-16,F
Z000163,MRN000163,1988-07-18,M
Z000164,MRN000164,1957-10-20,M
Z000165,MRN000165,1999-04-25,F
Z000166,MRN000166,1956-10-06,M
Z000167,MRN000167,1964-06-20,F
Z000168,MRN000168,1985-04-23,M
Z000169,MRN000169,1992-01-19,M
Z000170,MRN000170,1942-09-25,F
Z000171,MRN000171,1967-05-16,F
Z000172,MRN000172,1972-01-09,F
Z000173,MRN000173,1941-01-28,F
Z000174,MRN000174,1986-02-21,F
Z000175,MRN000175,1943-07-26,M
Z000176,MRN000176,1993-08-19,F
Z000177,MRN000177,1948-10-18,F
Z000178,MRN000178,1981-08-26,M
Z000179,MRN000179,1980-03-13,M
Z000180,MRN000180,1958-03-24,F
Z000181,MRN000181,1997-01-15,F
Z000182,MRN000182,1962-08-21,M
Z000183,MRN000183,1967-04-03,M
Z000184,MRN000184,1982-04-24,M
Z000185,MRN000185,2001-09-04,M
Z000186,MRN000186,1993-04-04,F
Z000187,MRN000187,1992-06-12,M
Z000188,MRN000188,1944-07-06,F
Z000189,MRN000189,1979-08-25,F
Z000190,MRN000190,2005-09-04,M
Z000191,MRN000191,1959-02-03,M
Z000192,MRN000192,1986-09-09,F
Z000193,MRN000193,1941-08-24,M
Z000194,MRN000194,1956-10-12,F
Z000195,MRN000195,1948-04-15,M
Z000196,MRN000196,1956-04-12,F
Z000197,MRN000197,1975-09-02,M
Z000198,MRN000198,1969-11-27,F
Z000199,MRN000199,2002-04-09,M
Z000200,MRN000200,1971-03-17,M
Z000201,MRN000201,1994-11-23,M
Z000202,MRN000202,1941-04-26,M
Z000203,MRN000203,1948-07-08,F
Z000204,MRN000204,1947-12-23,F
Z000205,MRN000205,1950-10-03,M
Z000206,MRN000206,1964-07-18,F
Z000207,MRN000207,1968-09-09,F
Z000208,MRN000208,1950-05-01,M
Z000209,MRN000209,1965-12-13,M
Z000210,MRN000210,1941-07-18,M
Z000211,MRN000211,1955-09-11,M
Z000212,MRN000212,1997-12-07,F
Z000213,MRN000213,1944-04-13,F
Z000214,MRN000214,1964-04-22,F
Z000215,MRN000215,1974-11-09,F
Z000216,MRN000216,1980-10-20,F
Z000217,MRN000217,1950-07-12,M
Z000218,MRN000218,2000-02-19,F
Z000219,MRN000219,1969-03-17,F
Z000220,MRN000220,1970-03-14,F
Z000221,MRN000221,1940-09-16,M
Z000222,MRN000222,1944-08-15,M
Z000223,MRN000223,1951-05-22,F
Z000224,MRN000224,1961-04-05,F
Z000225,MRN000225,1940-09-23,F
Z000226,MRN000226,1971-06-19,F
Z000227,MRN000227,1953-05-03,M
Z000228,MRN000228,1977-10-24,M
Z000229,MRN000229,1997-04-06,M
Z000230,MRN000230,1964-06-23,F
Z000231,MRN000231,1969-02-26,M
Z000232,MRN000232,1946-02-02,F
Z000233,MRN000233,1989-03-24,M
Z000234,MRN000234,1992-05-05,F
Z000235,MRN000235,1971-01-14,M
Z000236,MRN000236,1991-04-19,F
Z000237,MRN000237,1988-09-21,M
Z000238,MRN000238,1994-06-14,F
Z000239,MRN000239,1998-08-04,F
Z000240,MRN000240,1983-12-06,M
Z000241,MRN000241,1963-01-28,M
Z000242,MRN000242,1991-06-09,M
Z000243,MRN000243,1943-01-12,F
Z000244,MRN000244,1979-04-13,F
Z000245,MRN000245,1960-09-04,M
Z000246,MRN000246,1943-11-10,F
Z000247,MRN000247,1974-10-17,M
Z000248,MRN000248,1974-05-26,F
Z000249,MRN000249,1993-04-02,F
Z000250,MRN000250,1964-05-23,F
Z000251,MRN000251,1968-02-06,F
Z000252,MRN000252,1984-07-01,F
Z000253,MRN000253,1990-03-20,M
Z000254,MRN000254,2000-07-09,F
Z000255,MRN000255,1996-02-11,F
Z000256,MRN000256,1983-09-01,M
Z000257,MRN000257,1978-09-05,F
Z000258,MRN000258,1983-01-16,M
Z000259,MRN000259,1956-11-15,M
Z000260,MRN000260,1952-11-06,F
Z000261,MRN000261,1970-07-11,F
Z000262,MRN000262,1951-02-04,M
Z000263,MRN000263,1941-04-16,M
Z000264,MRN000264,1989-06-11,F
Z000265,MRN000265,1987-02-13,F
Z000266,MRN000266,1998-06-16,F
Z000267,MRN000267,1946-04-17,M
Z000268,MRN000268,1959-01-20,M
Z000269,MRN000269,1951-06-22,F
Z000270,MRN000270,1962-10-06,M
Z000271,MRN000271,1999-08-26,F
Z000272,MRN000272,1995-09-16,M
Z000273,MRN000273,1994-11-11,F
Z000274,MRN000274,1942-09-12,F
Z000275,MRN000275,1993-07-28,F
Z000276,MRN000276,1992-10-16,M
Z000277,MRN000277,1945-04-06,F
Z000278,MRN000278,1964-10-09,M
Z000279,MRN000279,1942-04-03,M
Z000280,MRN000280,1990-05-16,M
Z000281,MRN000281,1954-05-03,F
Z000282,MRN000282,1953-11-02,M
Z000283,MRN000283,1987-04-12,F
Z000284,MRN000284,1994-11-08,M
Z000285,MRN000285,1957-02-20,F
Z000286,MRN000286,1969-01-19,F
Z000287,MRN000287,1996-03-15,M
Z000288,MRN000288,2003-05-08,M
Z000289,MRN000289,1956-12-04,M
Z000290,MRN000290,1964-10-21,M
Z000291,MRN000291,1941-12-25,M
Z000292,MRN000292,1988-02-02,F
Z000293,MRN000293,1948-10-24,F
Z000294,MRN000294,1946-08-14,M
Z000295,MRN000295,1985-02-05,F
Z000296,MRN000296,1943-05-27,M
Z000297,MRN000297,1952-11-18,F
Z000298,MRN000298,2001-07-02,M
Z000299,MRN000299,2002-03-28,F
Z000300,MRN000300,1987-02-18,F
Z000301,MRN000301,1968-07-07,F
Z000302,MRN000302,2001-04-21,M
Z000303,MRN000303,1972-06-07,M
Z000304,MRN000304,1982-05-06,F
Z000305,MRN000305,1971-03-03,F
Z000306,MRN000306,1973-11-28,F
Z000307,MRN000307,2001-01-21,F
Z000308,MRN000308,1985-05-08,M
Z000309,MRN000309,1974-01-02,F
Z000310,MRN000310,1971-02-09,F
Z000311,MRN000311,1966-11-05,F
Z000312,MRN000312,1949-07-25,M
Z000313,MRN000313,1949-04-02,M
Z000314,MRN000314,1948-04-17,M
Z000315,MRN000315,1986-08-19,F
Z000316,MRN000316,1993-01-19,M
Z000317,MRN000317,1941-05-20,F
Z000318,MRN000318,1989-09-21,M
Z000319,MRN000319,1982-02-25,F
Z000320,MRN000320,1951-04-25,M
Z000321,MRN000321,1976-06-08,M
Z000322,MRN000322,1991-03-25,M
Z000323,MRN000323,1959-12-08,M
Z000324,MRN000324,1979-12-22,M
Z000325,MRN000325,1980-01-23,F
Z000326,MRN000326,1969-07-27,F
Z000327,MRN000327,1946-01-12,F
Z000328,MRN000328,2002-01-18,F
Z000329,MRN000329,2004-08-14,M
Z000330,MRN000330,1962-07-15,F
Z000331,MRN000331,1990-09-27,F
Z000332,MRN000332,1962-12-16,F
Z000333,MRN000333,1988-12-04,M
Z000334,MRN000334,1969-01-17,F
Z000335,MRN000335,1995-06-27,F
Z000336,MRN000336,1946-09-06,F
Z000337,MRN000337,1943-11-15,M
Z000338,MRN000338,2001-02-09,F
Z000339,MRN000339,1965-10-06,F
Z000340,MRN000340,1998-07-05,F
Z000341,MRN000341,1940-04-01,F
Z000342,MRN000342,1980-12-05,F
Z000343,MRN000343,1971-09-09,M
Z000344,MRN000344,1991-09-08,F
Z000345,MRN000345,1979-12-02,M
Z000346,MRN000346,1977-04-23,F
Z000347,MRN000347,1965-09-20,M
Z000348,MRN000348,1962-03-25,F
Z000349,MRN000349,1973-05-04,M
Z000350,MRN000350,1976-09-09,M
Z000351,MRN000351,2003-02-08,F
Z000352,MRN000352,1991-02-16,M
Z000353,MRN000353,1945-11-19,M
Z000354,MRN000354,1984-01-10,F
Z000355,MRN000355,1996-11-09,F
Z000356,MRN000356,1993-12-17,M
Z000357,MRN000357,1947-02-19,F
Z000358,MRN000358,1948-02-10,F
Z000359,MRN000359,1995-11-27,M
Z000360,MRN000360,1999-12-26,F
Z000361,MRN000361,1968-02-04,F
Z000362,MRN000362,1977-01-09,M
Z000363,MRN000363,1981-01-26,F
Z000364,MRN000364,1958-01-13,M
Z000365,MRN000365,1998-04-13,M
Z000366,MRN000366,1945-04-16,F
Z000367,MRN000367,1986-06-18,M
Z000368,MRN000368,1954-04-14,F
Z000369,MRN000369,1944-12-11,M
Z000370,MRN000370,1990-04-22,M
Z000371,MRN000371,1989-11-14,M
Z000372,MRN000372,1999-12-02,F
Z000373,MRN000373,1940-03-21,F
Z000374,MRN000374,1998-05-06,M
Z000375,MRN000375,1993-04-11,F
Z000376,MRN000376,1976-05-19,F
Z000377,MRN000377,1947-05-03,M
Z000378,MRN000378,2005-12-25,F
Z000379,MRN000379,1942-02-16,F
Z000380,MRN000380,1947-05-22,M
Z000381,MRN000381,1988-03-23,F
Z000382,MRN000382,1980-07-12,M
Z000383,MRN000383,1971-12-19,F
Z000384,MRN000384,1949-04-05,M
Z000385,MRN000385,1941-06-21,M
Z000386,MRN000386,1968-11-16,F
Z000387,MRN000387,1986-11-04,M
Z000388,MRN000388,1992-08-07,M
Z000389,MRN000389,1972-10-13,F
Z000390,MRN000390,1989-04-01,F
Z000391,MRN000391,1990-03-13,M
Z000392,MRN000392,1999-11-06,M
Z000393,MRN000393,1946-06-04,M
Z000394,MRN000394,2003-03-06,M
Z000395,MRN000395,2003-03-06,F
Z000396,MRN000396,1950-11-20,F
Z000397,MRN000397,1942-06-14,M
Z000398,MRN000398,1991-06-17,M
Z000399,MRN000399,1996-09-16,F
Z000400,MRN000400,1970-05-13,F
